,accuracy,precision,recall,f1
microsoft-Phi-3-mini,0.9387755102040817,0.7272727272727273,1.0,0.8421052631578947
falcon-7b-instruct,0.8979591836734694,0.9318181818181818,0.9534883720930233,0.9425287356321839
Mistral-7B-Instruct,0.98,1.0,0.9761904761904762,0.9879518072289156
Llama-2-7b,1.0,1.0,1.0,1.0
falcon-11b,0.98,1.0,0.9787234042553191,0.989247311827957
Llama-2-13b,1.0,1.0,1.0,1.0
